Entity,Year,Renewable-electricity-generating-capacity-per-capita,Financial flows to developing countries (US $),Renewable energy share in the total final energy consumption (%),Electricity from fossil fuels (TWh),Electricity from nuclear (TWh),Electricity from renewables (TWh),Low-carbon electricity (% electricity),Value_co2_emissions_kt_by_country,gdp_per_capita,Density\n(P/Km2),Land Area(Km2)
Afghanistan,2010,8.27,36500000,15.15,0.19,0,0.75,79.78723,7110.000134,543.3065262,60,652230
Afghanistan,2011,8.13,28690000,12.61,0.18,0,0.6,76.92309,8930.000305,591.1900302,60,652230
Afghanistan,2012,9.29,62630000,15.36,0.14,0,0.74,84.09091,8079.999924,638.8458516,60,652230
Afghanistan,2013,9.1,268460000,16.86,0.22,0,0.89,80.180176,5989.999771,624.3154545,60,652230
Afghanistan,2014,8.95,6940000,18.93,0.16,0,1,86.2069,4880.000114,614.2233424,60,652230
Afghanistan,2015,8.79,4890000,17.53,0.15,0,1.03,87.28814,5949.999809,556.0072209,60,652230
Afghanistan,2016,9.87,860000,19.92,0.15,0,1.06,87.603294,5300.000191,512.0127781,60,652230
Afghanistan,2017,9.79,50330000,19.21,0.18,0,1.09,85.826775,4780.00021,516.6798622,60,652230
Afghanistan,2018,9.55,70100000,17.96,0.2,0,0.97,82.90598,6070.000172,485.6684187,60,652230
Afghanistan,2019,9.58,4620000,18.51,0.18,0,0.89,83.17757,6079.999924,494.1793499,60,652230
Afghanistan,2020,9.35,,,0.12,0,0.68,85,,516.7478708,60,652230
Australia,2010,,,8.16,212.5,0,21.13,9.044215,387540.0085,52087.97229,3,7741220
Australia,2011,,,8.32,213.56,0,27.33,11.3454275,386380.0049,62574.1457,3,7741220
Australia,2012,,,8.29,206.75,0,26.63,11.410575,386970.0012,68027.84171,3,7741220
Australia,2013,,,9.21,195.78,0,34.2,14.870858,380279.9988,68156.62792,3,7741220
Australia,2014,,,9.32,205.46,0,36.15,14.96213,371630.0049,62511.69059,3,7741220
Australia,2015,,,9.31,197.72,0,33.12,14.3476,377799.9878,56707.02208,3,7741220
Australia,2016,,,9.42,207.66,0,38.41,15.609379,384989.9902,49881.76371,3,7741220
Australia,2017,,,9.69,209.14,0,40.77,16.313873,389160.0037,53934.25018,3,7741220
Australia,2018,,,9.67,207.45,0,42.93,17.145937,387070.0073,57180.7794,3,7741220
Australia,2019,,,10.13,196.45,0,53.41,21.37597,386529.9988,54875.28596,3,7741220
Australia,2020,,,,186.92,0,63.99,25.503168,,51692.84275,3,7741220
Brazil,2010,457.6,135380000,46.81,61.02,13.77,435.99,88.053566,397929.9927,11286.07154,25,8515770
Brazil,2011,470.43,187660000,45.26,50.27,14.8,462.32,90.468155,418309.9976,13245.38737,25,8515770
Brazil,2012,482.3,228480000,43.49,77.21,15.17,454.78,85.88896,454230.011,12370.22325,25,8515770
Brazil,2013,496.6,93260000,42.32,112,14.65,436.84,80.12387,486839.9963,12300.38671,25,8515770
Brazil,2014,524.97,489030000,41.71,136.58,14.46,430.82,76.527,511619.9951,12112.83496,25,8515770
Brazil,2015,550.89,2300000,43.62,128.85,13.91,428.81,77.456825,485339.9963,8813.989806,25,8515770
Brazil,2016,588.73,161960000,45.46,93.06,14.97,463.37,83.713684,447079.9866,8710.06329,25,8515770
Brazil,2017,617.89,521620000,45.33,101.9,14.86,464.4,82.4661,456489.9902,9928.675897,25,8515770
Brazil,2018,652.03,256430000,46.95,86.69,14.79,492.66,85.409164,433989.9902,9151.381732,25,8515770
Brazil,2019,684.92,50980000,47.57,90.91,15.16,512.59,85.30534,434299.9878,8897.552966,25,8515770
Brazil,2020,705.9,,,81.15,13.21,520.01,86.79134,,6796.844542,25,8515770
Canada,2010,,,21.88,130.08,85.53,366.21,77.64257,537010.0098,47562.08343,4,9984670
Canada,2011,,,21.84,131.3,88.29,391.95,78.52962,549289.978,52223.69611,4,9984670
Canada,2012,,,22.17,124.2,89.49,398.58,79.71483,546210.022,52669.08996,4,9984670
Canada,2013,,,22.44,122.87,97.58,417.28,80.73323,555659.9731,52635.17496,4,9984670
Canada,2014,,,22.49,122.75,101.21,412.13,80.702415,561679.9927,50955.99832,4,9984670
Canada,2015,,,22.69,125.7,96.05,417.2,80.327095,558700.0122,43596.13554,4,9984670
Canada,2016,,,22.05,122.35,95.69,426.84,81.02748,556830.0171,42315.60371,4,9984670
Canada,2017,,,22.47,113.7,95.57,435.43,82.36389,568080.0171,45129.35644,4,9984670
Canada,2018,,,21.99,112.47,95.03,428.39,82.31297,580090.0269,46548.52036,4,9984670
Canada,2019,,,22.11,110.65,95.47,421.8,82.378334,580210.022,46338.34096,4,9984670
Canada,2020,,,,102.19,92.65,429.24,83.625496,,43294.64816,4,9984670
Chile,2010,360.95,3200000,27.04,36.71,,21.55,36.98936,69750,12808.03834,26,756096
Chile,2011,388.65,68530000,28.79,41,,21.04,33.913605,76470.00122,14637.23344,26,756096
Chile,2012,405.49,1003530000,30.31,45.17,,20.59,31.310825,78410.00366,15351.54074,26,756096
Chile,2013,436.94,1352650000,30.23,48,,20.17,29.587795,83000,15842.93648,26,756096
Chile,2014,468.99,1263800000,26.95,44.51,,25.44,36.368835,76559.99756,14670.98891,26,756096
Chile,2015,470.34,113310000,25.07,44.37,,27.38,38.16028,82230.00336,13574.16924,26,756096
Chile,2016,510.67,300130000,24.55,49.09,,24.27,33.083424,86489.99786,13753.59215,26,756096
Chile,2017,557.03,209270000,24.11,44.9,,29.32,39.504177,87069.99969,14998.81706,26,756096
Chile,2018,584.92,,25.46,43.85,,32.89,42.859005,86610.00061,15888.14436,26,756096
Chile,2019,606.69,,25.26,45.16,,32.23,41.64621,91370.00275,14741.7144,26,756096
Chile,2020,669.29,,,43.69,,34.06,43.807076,,13231.70421,26,756096
China,2010,170.41,131240000,12.26,3326.19,74.74,786.38,20.564993,8474919.922,4550.453108,153,9596960
China,2011,194.62,43040000,11.34,3811.77,87.2,792.38,18.748974,9282549.805,5614.352135,153,9596960
China,2012,218.25,100650000,11.53,3869.38,98.32,999.56,22.102327,9541870.117,6300.615118,153,9596960
China,2013,258.3,301710000,11.45,4203.77,111.5,1093.37,22.276764,9984570.313,7020.338485,153,9596960
China,2014,296.29,229420000,11.94,4345.86,133.22,1289.23,24.659735,10006669.92,7636.116601,153,9596960
China,2015,340.55,92000000,12.18,4222.76,171.38,1393.66,27.040327,9861099.609,8016.431435,153,9596960
China,2016,382.59,1245180000,12.56,4355,213.18,1522.79,28.500713,9874660.156,8094.363367,153,9596960
China,2017,436.9,372490000,13.13,4643.1,248.1,1667.06,29.20226,10096009.77,8816.986905,153,9596960
China,2018,487.16,318260000,13.71,4990.28,295,1835.32,29.917704,10502929.69,9905.342004,153,9596960
China,2019,529.28,201540000,14.45,5098.22,348.7,2014.57,31.672895,10707219.73,10143.83817,153,9596960
China,2020,621.74,,,5184.13,366.2,2184.94,32.980618,,10434.77519,153,9596960
Egypt,2010,41.53,1025120000,5.57,145.66,0,14.63,9.127208,,,103,1001450
Egypt,2011,40.9,118940000,5.53,142.53,0,14.55,9.262795,,,103,1001450
Egypt,2012,40,14920000,5.5,150.04,0,14.35,8.729241,,,103,1001450
Egypt,2013,39.1,159850000,5.49,153.57,0,14.66,8.71426,,,103,1001450
Egypt,2014,38.23,80000,5.59,159.93,0,15.36,8.762622,,,103,1001450
Egypt,2015,39.67,239160000,5.45,170.68,0,15.64,8.39416,,,103,1001450
Egypt,2016,38.97,312350000,5.31,174.07,0,15.5,8.176399,,,103,1001450
Egypt,2017,39.42,2070240000,5.1,181.31,0,15.53,7.8896565,,,103,1001450
Egypt,2018,48.71,124930000,5.23,182.31,0,17.31,8.671476,,,103,1001450
Egypt,2019,59.16,340400000,5.3,173.86,0,20.75,10.662351,,,103,1001450
Egypt,2020,58.35,,,168.46,0,20.83,11.004279,,,103,1001450
Germany,2010,,,11.61,378.9,140.56,105.18,39.34106,773070.0073,41531.9342,240,357022
Germany,2011,,,12.54,373.16,107.97,124.04,38.33799,746479.9805,46644.77603,240,357022
Germany,2012,,,13.64,377.89,99.46,143.04,39.088314,760130.0049,43858.36306,240,357022
Germany,2013,,,13.63,381.52,97.29,152.34,39.55161,776150.0244,46285.76407,240,357022
Germany,2014,,,14.02,360.28,97.13,162.54,41.88564,736010.0098,47959.99327,240,357022
Germany,2015,,,14.55,359.99,91.79,188.79,43.80161,742309.9976,41086.72967,240,357022
Germany,2016,,,14.24,368.67,84.63,189.67,42.6614,747150.0244,42107.51727,240,357022
Germany,2017,,,15.22,353.37,76.32,216.32,45.29961,732200.0122,44542.2952,240,357022
Germany,2018,,,16.12,334.65,76,222.07,47.109306,707700.0122,47950.18081,240,357022
Germany,2019,,,17.17,284.09,75.07,240.33,52.611385,657400.0244,46794.89929,240,357022
Germany,2020,,,,251.4,64.38,251.48,55.681694,,46208.42947,240,357022
Guinea,2010,12.64,,75.71,0.44,0,0.48,52.173912,2500,672.4249304,53,245857
Guinea,2011,12.36,366800000,74.75,0.44,0,0.41,48.235294,2619.999886,651.1361134,53,245857
Guinea,2012,12.1,6000000,76.36,0.22,0,0.49,69.014084,2480.000019,717.0505359,53,245857
Guinea,2013,12.08,,78.53,0.16,0,0.48,75,2180.000067,769.0031667,53,245857
Guinea,2014,11.8,60000,78.57,0.27,0,0.42,60.869564,2240.00001,787.2385644,53,245857
Guinea,2015,33.37,1190000,76.23,0.24,0,0.9,78.94737,2539.999962,769.2554754,53,245857
Guinea,2016,32.5,140760000,75.29,0.51,0,1.1,68.32298,2819.999933,732.2915119,53,245857
Guinea,2017,31.62,130000,71.96,0.54,0,1.23,69.49152,3339.999914,855.5752706,53,245857
Guinea,2018,30.74,1139600000,69.88,0.73,0,0.76,51.00671,3750,955.1112811,53,245857
Guinea,2019,29.88,819800000,65.44,0.75,0,1.31,63.592236,3950.000048,1058.143368,53,245857
Guinea,2020,29.06,,,0.71,0,2.49,77.8125,,1194.037865,53,245857
Iceland,2010,,,75.96,0,0,16.74,100,1960.000038,43237.07295,3,103000
Iceland,2011,,,77.19,0,0,16.85,100,1889.999986,47714.59223,3,103000
Iceland,2012,,,77.82,0,0,17.29,100,1860.000014,45995.54788,3,103000
Iceland,2013,,,76.73,0,0,17.99,100,2029.999971,49804.983,3,103000
Iceland,2014,,,76.99,0,0,17.8,100,2049.999952,54576.74481,3,103000
Iceland,2015,,,77.33,0,0,18.55,100,2059.999943,52951.68151,3,103000
Iceland,2016,,,80.25,0,0,18.17,100,1629.999995,61987.92636,3,103000
Iceland,2017,,,80.08,0,0,18.84,100,1669.999957,72010.14903,3,103000
Iceland,2018,,,80.71,0,0,19.43,100,1700.000048,74469.80406,3,103000
Iceland,2019,,,81.07,0,0,19.12,100,1639.999986,68941.46223,3,103000
Iceland,2020,,,,0,0,18.78,100,,59270.18005,3,103000
India,2010,42.34,372820000,36.16,771.78,23.08,142.61,17.674166,1659979.98,1357.563727,464,3287263
India,2011,46.43,1950940000,35.01,828.16,32.22,173.62,19.907156,1756739.99,1458.104066,464,3287263
India,2012,47.76,1119110000,34.75,893.45,33.14,165.25,18.170246,1909439.941,1443.882435,464,3287263
India,2013,49.57,586410000,34.85,924.93,33.31,187.9,19.300434,1972430.054,1449.610451,464,3287263
India,2014,55.41,699800000,33.85,1025.29,34.69,202.04,18.758022,2147110.107,1573.885642,464,3287263
India,2015,59.9,898770000,33.4,1080.44,38.31,203.21,18.269842,2158020.02,1605.605445,464,3287263
India,2016,68.18,2112780000,33.02,1155.52,37.9,208.21,17.558842,2195250,1732.554242,464,3287263
India,2017,78.55,861450000,32.41,1198.85,37.41,234.9,18.509884,2320409.912,1980.66702,464,3287263
India,2018,87.32,1764130000,32.82,1276.32,39.05,263.61,19.16807,2451929.932,1996.915087,464,3287263
India,2019,93.89,786330000,32.93,1273.59,45.16,303.16,21.475914,2456300.049,2100.751461,464,3287263
India,2020,97.29,,,1202.34,44.61,315.76,23.060581,,1927.707823,464,3287263
Jamaica,2010,33.74,170000,8.98,3.55,0,0.41,10.353536,7480.000019,4704.04776,273,10991
Jamaica,2011,33.73,8860000,9.84,3.56,0,0.45,11.221945,7530.00021,5111.465987,273,10991
Jamaica,2012,33.65,120000,12.16,3.46,0,0.47,11.959288,6960.000038,5209.859264,273,10991
Jamaica,2013,36.08,,11.39,3.5,0,0.43,10.941476,7400.000095,4989.734089,273,10991
Jamaica,2014,36.56,57810000,11.88,3.45,0,0.46,11.764706,7190.000057,4834.284009,273,10991
Jamaica,2015,37.19,87990000,12.12,3.45,0,0.46,11.764706,7090.000153,4907.927415,273,10991
Jamaica,2016,64.9,17580000,11.07,3.63,0,0.5,12.106537,7570.000172,4843.7499,273,10991
Jamaica,2017,74.17,900000,10.98,3.5,0,0.6,14.634148,7219.99979,5070.099503,273,10991
Jamaica,2018,73.81,70520000,8.88,3.48,0,0.69,16.546762,8609.999657,5359.993789,273,10991
Jamaica,2019,86.03,180000,9.09,3.6,0,0.65,15.294118,8390.000343,5369.498371,273,10991
Jamaica,2020,85.65,,,3.43,0,0.64,15.724815,,4664.530242,273,10991
Japan,2010,,,4.66,689.89,278.36,113.92,36.249386,1156479.98,44968.15623,347,377944
Japan,2011,,,4.82,777.1,153.38,116.5,25.776997,1213520.02,48760.07895,347,377944
Japan,2012,,,4.68,920.39,15.12,111.09,12.059049,1253609.985,49145.28043,347,377944
Japan,2013,,,5.05,897.88,10.43,121.48,12.809407,1262780.029,40898.6479,347,377944
Japan,2014,,,5.58,892.18,0,136.53,13.271962,1217119.995,38475.39525,347,377944
Japan,2015,,,6.16,844.23,3.24,157.34,15.981131,1179439.941,34960.63938,347,377944
Japan,2016,,,6.39,832.4,14.87,157.7,17.171658,1167790.039,39400.73936,347,377944
Japan,2017,,,6.92,806.12,27.75,175.12,20.106245,1155229.98,38891.08627,347,377944
Japan,2018,,,7.22,780.61,47.82,183.63,22.869198,1116150.024,39808.16856,347,377944
Japan,2019,,,7.69,735.66,63.88,192.72,25.860157,1081569.946,40777.6087,347,377944
Japan,2020,,,,716.67,41.86,205.6,25.666662,,40193.25244,347,377944
Kazakhstan,2010,140.02,1360000,1.38,74.63,,8.02,9.703569,229699.9969,9070.488253,7,2724900
Kazakhstan,2011,138.11,1710000,1.38,78.7,,7.88,9.101409,245449.9969,11634.0012,7,2724900
Kazakhstan,2012,154.11,27490000,1.33,82.98,,7.64,8.43081,244600.0061,12386.69927,7,2724900
Kazakhstan,2013,153.18,20000,1.16,84.88,,7.73,8.34683,260010.0098,13890.63096,7,2724900
Kazakhstan,2014,162.11,37380000,1.34,86.37,,8.27,8.738378,209229.9957,12807.26069,7,2724900
Kazakhstan,2015,164.65,48470000,1.72,82.2,,9.45,10.310966,190729.9957,10510.77189,7,2724900
Kazakhstan,2016,165.5,45870000,2.07,82.65,,11.98,12.659833,202149.9939,7714.841844,7,2724900
Kazakhstan,2017,166.77,150150000,2.02,91.48,,11.64,11.28782,214580.0018,9247.581331,7,2724900
Kazakhstan,2018,183.89,250340000,1.88,96.36,,10.91,10.170598,216600.0061,9812.626371,7,2724900
Kazakhstan,2019,227.14,279670000,1.7,95.39,,11.09,10.415101,212110.0006,9812.595808,7,2724900
Kazakhstan,2020,266.15,,,96.7,,11.94,10.990427,,9122.23343,7,2724900
Libya,2010,0.6,,2.37,30.6,0,0.01,0.03266906,59549.99924,12064.77291,4,1759540
Libya,2011,0.67,,3.09,24.43,0,0.01,0.04091653,41950.00076,5554.180053,4,1759540
Libya,2012,0.78,,2.72,32.21,0,0.01,0.031036623,57630.00107,13025.27932,4,1759540
Libya,2013,0.77,,2.48,35.63,0,0.01,0.028058361,58610.00061,10363.80425,4,1759540
Libya,2014,0.77,,2.41,35.46,0,0.01,0.028192839,58000,6466.908237,4,1759540
Libya,2015,0.76,,3.05,35.26,0,0.01,0.028352708,51330.00183,4337.919139,4,1759540
Libya,2016,0.75,,2.58,29.52,0,0.01,0.033863865,50950.00076,4035.196802,4,1759540
Libya,2017,0.78,,2.72,31.27,0,0.01,0.03196931,55159.99985,5756.699325,4,1759540
Libya,2018,0.76,,2.75,32.11,0,0.01,0.031133251,56619.99893,7877.12461,4,1759540
Libya,2019,0.75,,2.8,31.68,0,0.01,0.031555694,56799.99924,7685.948132,4,1759540
Libya,2020,0.74,,,30.09,0,0.01,0.03322259,,3699.294765,4,1759540
Malaysia,2010,99.15,140000,1.96,117.16,,7.62,6.106748,200220.0012,9040.568495,99,329847
Malaysia,2011,135.95,60000,2.16,117.43,,9.6,7.5572705,202740.0055,10399.37021,99,329847
Malaysia,2012,145.91,4000000,2.52,123.23,,10.76,8.03045,205809.9976,10817.43171,99,329847
Malaysia,2013,192.63,70000,2.75,127.86,,13.04,9.254791,223660.0037,10970.1043,99,329847
Malaysia,2014,212.85,160000,3.03,133.16,,14.31,9.703669,236649.9939,11319.06194,99,329847
Malaysia,2015,249.45,170000,3.41,135.17,,14.94,9.952702,236539.9933,9955.242722,99,329847
Malaysia,2016,259.33,1290000,4.43,135.56,,21.09,13.463135,235960.0067,9817.78709,99,329847
Malaysia,2017,235.74,50000,5.22,132.7,,27.94,17.39293,227619.9951,10259.30481,99,329847
Malaysia,2018,239.17,60000,5.31,142.27,,28.31,16.59632,244410.0037,11380.08209,99,329847
Malaysia,2019,251.85,20000,5.11,149.7,,28.76,16.115656,253270.0043,11432.823,99,329847
Malaysia,2020,268.76,,,138.77,,30.54,18.037918,,10412.34898,99,329847
Netherlands,2010,,,3.85,103.95,3.97,11.19,12.727731,171110.0006,50950.03434,508,41543
Netherlands,2011,,,4.69,97.35,4.14,12.32,14.4627,158770.0043,54159.34661,508,41543
Netherlands,2012,,,4.9,86.69,3.91,12.47,15.892111,157470.0012,50073.00566,508,41543
Netherlands,2013,,,4.94,86.51,2.89,12.1,14.768473,157089.9963,52184.06185,508,41543
Netherlands,2014,,,5.53,87.48,4.09,11.65,15.248982,149789.9933,52830.17423,508,41543
Netherlands,2015,,,5.72,91.03,4.08,13.69,16.33272,157410.0037,45175.23189,508,41543
Netherlands,2016,,,5.59,95.09,3.96,14.78,16.463146,158539.9933,46007.85292,508,41543
Netherlands,2017,,,6.36,94.81,3.4,17.43,18.012798,155759.9945,48554.99228,508,41543
Netherlands,2018,,,7.39,91.26,3.51,18.91,19.722027,151360.0006,53018.62936,508,41543
Netherlands,2019,,,8.54,94.09,3.91,22.79,22.104479,146339.9963,52476.27325,508,41543
Netherlands,2020,,,,85.95,4.09,32.75,30.002443,,52397.11671,508,41543
Pakistan,2010,39.08,264760000,47.4,59.31,2.56,32.6,37.218163,140619.9951,987.409712,287,796095
Pakistan,2011,38.31,253790000,46.76,61.62,3.84,29.37,35.02056,141699.9969,1164.978823,287,796095
Pakistan,2012,38.13,1386720000,47.2,62.13,5.27,30.7,36.666668,143809.9976,1198.117637,287,796095
Pakistan,2013,39.54,244730000,48.13,67.27,4.4,33.26,35.890594,146059.9976,1208.91771,287,796095
Pakistan,2014,40.52,552100000,47.22,68.28,4.58,34.48,36.38905,154240.0055,1251.175719,287,796095
Pakistan,2015,40.74,1232650000,45.88,71.17,4.33,36.82,36.636395,164130.0049,1356.667831,287,796095
Pakistan,2016,43.22,903830000,43.69,82.57,5.44,35.64,33.222805,181110.0006,1368.426961,287,796095
Pakistan,2017,44.33,3386850000,42.09,91.08,8.11,32.39,30.779753,198830.0018,1464.926195,287,796095
Pakistan,2018,57.47,99120000,43.3,87.95,9.29,42.66,37.133667,187309.9976,1482.213067,287,796095
Pakistan,2019,56.71,302840000,43.36,86.44,9.07,40.52,36.455193,190570.0073,1288.556325,287,796095
Pakistan,2020,56.17,,,84.55,9.64,42.69,38.230564,,1188.859757,287,796095
Philippines,2010,51.19,80870000,32.59,46.55,0,18.15,28.052551,81930.00031,2217.472153,368,300000
Philippines,2011,50.41,810000,33.69,49.04,0,20.09,29.06119,82629.99725,2450.735694,368,300000
Philippines,2012,49.88,1300000,34.06,51.82,0,21.06,28.896818,86180.00031,2694.305109,368,300000
Philippines,2013,49.12,53290000,33.05,55.06,0,20.18,26.82084,95500,2871.429701,368,300000
Philippines,2014,52.54,9290000,32.33,57.07,0,20.18,26.122978,101819.9997,2959.645435,368,300000
Philippines,2015,55.08,22760000,30.75,60.82,0,21.59,26.198277,111010.0021,3001.043182,368,300000
Philippines,2016,60.51,98890000,28.45,68.44,0,22.38,24.642149,121959.9991,3073.654686,368,300000
Philippines,2017,61.08,1510000,27.68,71.03,0,23.35,24.740412,133500,3123.245642,368,300000
Philippines,2018,61.82,177920000,27.51,76.05,0,23.73,23.782322,138570.0073,3252.110274,368,300000
Philippines,2019,62.55,2000000,26.73,83.3,0,22.78,21.47436,145419.9982,3485.340844,368,300000
Philippines,2020,62.39,,,79.27,0,23.21,22.648321,,3298.829586,368,300000
Romania,2010,,,24.07,28.69,11.62,20.3,52.664577,77620.00275,8214.076893,84,238391
Romania,2011,,,21.09,33.93,11.75,16.32,45.274193,84059.99756,9099.217539,84,238391
Romania,2012,,,21.53,32.38,11.47,14.93,44.91324,81849.99847,8507.104775,84,238391
Romania,2013,,,23.07,26.78,11.62,20.15,54.261314,72089.99634,9547.852151,84,238391
Romania,2014,,,24.31,26.39,11.68,27.12,59.51833,71540.00092,10043.67745,84,238391
Romania,2015,,,23.67,28.09,11.64,26.19,57.38775,73319.99969,8969.148921,84,238391
Romania,2016,,,24.4,26.33,11.29,26.97,59.235176,71589.99634,9548.587403,84,238391
Romania,2017,,,23.35,28.15,11.51,24.29,55.981236,74209.99908,10807.00917,84,238391
Romania,2018,,,23.03,26.87,11.38,26.19,58.302296,75190.00244,12398.98198,84,238391
Romania,2019,,,23.54,23.27,11.28,24.63,60.679283,73949.99695,12899.34611,84,238391
Romania,2020,,,,19.54,11.47,24.61,64.86876,,12896.08862,84,238391
Singapore,2010,25.61,,0.47,43.05,0,0,0,42409.99985,47236.96023,"8,358",716
Singapore,2011,25.27,,0.48,43.66,0,0.01,0.022899017,44770.00046,53890.42873,"8,358",716
Singapore,2012,25.37,,0.51,44.51,0,0.01,0.022461815,43689.99863,55546.48854,"8,358",716
Singapore,2013,31.58,,0.56,45.5,0,0.16,0.35041612,43909.99985,56967.42579,"8,358",716
Singapore,2014,37.77,,0.59,46.68,0,0.28,0.59625214,44400.00153,57562.53079,"8,358",716
Singapore,2015,44.91,,0.65,47.45,0,0.41,0.85666525,45430.00031,55646.61875,"8,358",716
Singapore,2016,54.31,,0.68,48.58,0,0.53,1.0792098,46099.99847,56848.17539,"8,358",716
Singapore,2017,57.36,,0.67,49.16,0,0.55,1.1064173,49139.99939,61176.45636,"8,358",716
Singapore,2018,65.66,,0.73,49.87,0,0.67,1.3256826,47400.00153,66679.04649,"8,358",716
Singapore,2019,84.47,,0.84,50.96,0,0.78,1.5075376,47380.00107,65640.70795,"8,358",716
Singapore,2020,93.64,,,50.04,0,0.83,1.63161,,59797.75218,"8,358",716
Somalia,2010,0,,93.57,0.31,0,0,0,629.9999952,,25,637657
Somalia,2011,0,,93.65,0.31,0,0,0,629.9999952,,25,637657
Somalia,2012,0.17,,93.9,0.32,0,0,0,629.9999952,,25,637657
Somalia,2013,0.17,3340000,94.4,0.33,0,0,0,649.9999762,350.1681618,25,637657
Somalia,2014,0.17,,94.64,0.33,0,0,0,649.9999762,374.1147807,25,637657
Somalia,2015,0.22,310000,94.5,0.33,0,0,0,649.9999762,386.437817,25,637657
Somalia,2016,0.53,800000,94.78,0.33,0,0.01,2.9411764,660.0000262,389.8220615,25,637657
Somalia,2017,0.72,20000,94.9,0.33,0,0.02,5.714286,660.0000262,384.4634014,25,637657
Somalia,2018,0.71,3210000,94.93,0.33,0,0.02,5.714286,660.0000262,389.8313955,25,637657
Somalia,2019,0.69,21490000,95.03,0.33,0,0.02,5.714286,689.9999976,419.3948077,25,637657
Somalia,2020,1.64,,,0.35,0,0.03,7.894737,,438.2551656,25,637657
Turkey,2010,240.14,270520000,14.21,155.34,0,55.72,26.400076,,10742.77498,110,783562
Turkey,2011,259.87,801710000,12.68,171.19,0,58.09,25.335835,,11420.55546,110,783562
Turkey,2012,297.19,263710000,13.03,174.17,0,65.21,27.241205,,11795.63346,110,783562
Turkey,2013,336.52,595990000,13.8,170.65,0,69.22,28.857298,,12614.78161,110,783562
Turkey,2014,361.78,515970000,11.51,199,0,52.62,20.912487,,12157.99043,110,783562
Turkey,2015,401.33,389350000,13.34,177.64,0,83.65,32.014236,,11006.27952,110,783562
Turkey,2016,431.5,1364150000,13.23,183.45,0,90.24,32.97161,,10894.60338,110,783562
Turkey,2017,477.67,403600000,11.4,209.19,0,87.24,29.43022,,10589.66772,110,783562
Turkey,2018,512.88,1062530000,11.83,206.09,0,97.77,32.176003,,9454.348443,110,783562
Turkey,2019,534.43,360120000,14.12,170.53,0,132.26,43.680435,,9121.515167,110,783562
Turkey,2020,585.71,,,177.08,0,128.34,42.02082,,8536.43332,110,783562
United States,2010,,,7.44,2882.49,806.97,424.48,29.93359,5392109.863,48466.6576,36,9833517
United States,2011,,,8.36,2788.93,790.2,509.74,31.792154,5173600.098,49882.55813,36,9833517
United States,2012,,,8.73,2779.02,769.33,492.32,31.223783,4956060.059,51602.93105,36,9833517
United States,2013,,,9.08,2746.21,789.02,520.38,32.28614,5092100.098,53106.53677,36,9833517
United States,2014,,,9.22,2752.01,797.17,546.83,32.81242,5107209.961,55049.98833,36,9833517
United States,2015,,,9.03,2730.32,797.18,556.49,33.14577,4990709.961,56863.3715,36,9833517
United States,2016,,,9.46,2656.96,805.69,624.91,34.998875,4894500,58021.4005,36,9833517
United States,2017,,,9.92,2540.17,804.95,707.19,37.315506,4819370.117,60109.65573,36,9833517
United States,2018,,,10.12,2661.3,807.08,733.17,36.659092,4975310.059,63064.41841,36,9833517
United States,2019,,,10.42,2588.21,809.41,760.76,37.75918,4817720.215,65279.52903,36,9833517
United States,2020,,,,2431.9,789.88,821.4,39.8518,,63593.44362,36,9833517
Uzbekistan,2010,62.87,,1.35,41.16,0,8.11,16.46032,126239.9979,1742.349256,79,447400
Uzbekistan,2011,61.7,,0.95,44.28,0,5.65,11.315842,128630.0049,2051.129515,79,447400
Uzbekistan,2012,61.88,94470000,1.34,43.56,0,6.59,13.140578,113139.9994,2267.623275,79,447400
Uzbekistan,2013,60.9,196820000,1.19,45.97,0,5.65,10.945371,111860.0006,2419.718703,79,447400
Uzbekistan,2014,61.53,,1.4,46.7,0,6.01,11.402011,104870.0027,2628.460008,79,447400
Uzbekistan,2015,60.83,270000,1.71,47.55,0,7,12.832264,99169.99817,2753.971072,79,447400
Uzbekistan,2016,59.88,690000,1.61,48.75,0,7.25,12.946428,105230.0034,2704.677188,79,447400
Uzbekistan,2017,58.24,60130000,1.75,49.71,0,8.35,14.381675,109529.9988,1916.764642,79,447400
Uzbekistan,2018,59.09,84130000,1.49,53.58,0,5.85,9.8435135,112470.0012,1597.068337,79,447400
Uzbekistan,2019,57.96,65940000,1.57,53.64,0,6.47,10.7636,116709.9991,1784.009816,79,447400
Uzbekistan,2020,60.02,,,50.93,0,5.01,8.956025,,1750.697113,79,447400
Zambia,2010,142.25,397390000,88.59,0.05,0,10.36,99.51969,2660.000086,1489.459087,25,752618
Zambia,2011,138.01,75360000,87.28,0.05,0,11.4,99.563324,3049.999952,1672.907535,25,752618
Zambia,2012,134.28,10000,84.63,0.06,0,12.26,99.51299,4030.00021,1763.069442,25,752618
Zambia,2013,154.25,1970000,84.56,0.05,0,13.18,99.62208,4239.999771,1878.346811,25,752618
Zambia,2014,149.51,233900000,83.77,0.35,0,14.01,97.562675,4690.000057,1762.427817,25,752618
Zambia,2015,145.55,1791180000,83.09,0.36,0,13,97.30539,4960.000038,1338.290927,25,752618
Zambia,2016,148.58,109510000,83.07,0.65,0,10.97,94.4062,5320.000172,1280.806543,25,752618
Zambia,2017,144.85,170340000,81.89,1.8,0,12.64,87.53463,6809.999943,1535.196574,25,752618
Zambia,2018,140.76,54110000,82.28,2.24,0,13.89,86.11284,7730.000019,1516.368371,25,752618
Zambia,2019,142.11,78570000,84.5,2.05,0,12.62,86.0259,6800.000191,1305.001031,25,752618
Zambia,2020,138.23,,,2,0,13.1,86.75497,,985.132436,25,752618
